<bc>
<regla> <condicion> <atomo> PELO </atomo> <atomo> DA_LECHE </atomo> <disyuncion/> </condicion> <conclusion> <atomo> MAMIFERO </atomo> <atomo> AVE </atomo> <negacion/> <conjuncion/> </conclusion> </regla>
<regla> <condicion> <atomo> PLUMAS </atomo> <atomo> PONE_HUEVOS </atomo> <disyuncion/> </condicion> <conclusion> <atomo> AVE </atomo> <atomo> MAMIFERO </atomo> <negacion/> <conjuncion/> </conclusion> </regla>
<regla> <condicion> <atomo> ALAS_GRANDES </atomo> </condicion> <conclusion> <atomo> VUELA </atomo> </conclusion> </regla>
<regla> <condicion> <atomo> COME_CARNE </atomo> </condicion> <conclusion> <atomo> CARNIVORO </atomo> <atomo> UNGULADO </atomo> <negacion/> <conjuncion/> </conclusion> </regla>
<regla> <condicion> <atomo> DIENTES_AGUDOS </atomo> <atomo> OJOS_FRENTE </atomo> <disyuncion/> </condicion> <conclusion> <atomo> CARNIVORO </atomo> <atomo> UNGULADO </atomo> <negacion/> <conjuncion/> </conclusion> </regla>
<regla> <condicion> <atomo> MAMIFERO </atomo> <atomo> CARNIVORO </atomo> <atomo> GARRAS </atomo> <atomo> VISTA_NOCTURNA </atomo> <conjuncion/> <conjuncion/> <conjuncion/> </condicion> <conclusion> <atomo> FELINO </atomo> </conclusion> </regla>
<regla> <condicion> <atomo> AVE </atomo> <atomo> CARNIVORO </atomo> <atomo> GARRAS </atomo> <atomo> VUELA </atomo> <atomo> BUENA_VISTA </atomo> <conjuncion/> <conjuncion/> <conjuncion/> </condicion> <conclusion> <atomo> AVE_RAPINIA </atomo> </conclusion> </regla>
<regla> <condicion> <atomo> MAMIFERO </atomo> <atomo> RUMIA </atomo> <atomo> PEZUNIAS </atomo> <disyuncion/> <conjuncion/> </condicion> <conclusion> <atomo> UNGULADO </atomo> </conclusion> </regla>
<regla> <condicion> <atomo> FELINO </atomo> <negacion/> <atomo> MAMIFERO </atomo> <atomo> CARNIVORO </atomo> <atomo> COLOR_LEONADO </atomo> <atomo> MANCHAS_PARDAS </atomo> <conjuncion/> <conjuncion/> <conjuncion/> <conjuncion/> </condicion> <conclusion> <atomoObj> HIENA </atomoObj> </conclusion> </regla>
<regla> <condicion> <atomo> FELINO </atomo> <atomo> COLOR_NARANJA </atomo> <atomo> FRANJAS_NEGRAS </atomo> <conjuncion/> <conjuncion/> </condicion> <conclusion> <atomoObj> TIGRE </atomoObj> </conclusion> </regla>
<regla> <condicion> <atomo> FELINO </atomo> <atomo> COLOR_LEONADO </atomo> <atomo> MELENA </atomo> <conjuncion/> <conjuncion/> </condicion> <conclusion> <atomoObj> LEON </atomoObj> </conclusion> </regla>
<regla> <condicion> <atomo> UNGULADO </atomo> <atomo> PATAS_LARGAS </atomo> <atomo> CUELLO_LARGO </atomo> <conjuncion/> <conjuncion/> </condicion> <conclusion> <atomoObj> JIRAFA </atomoObj> </conclusion> </regla>
<regla> <condicion> <atomo> UNGULADO </atomo> <atomo> COLOR_BLANCO </atomo> <atomo> FRANJAS_NEGRAS </atomo> <conjuncion/> <conjuncion/> </condicion> <conclusion> <atomoObj> CEBRA </atomoObj> </conclusion> </regla>
<regla> <condicion> <atomo> AVE </atomo> <atomo> PATAS_LARGAS </atomo> <atomo> CUELLO_LARGO </atomo> <atomo> COLOR_BLANCO/NEGRO </atomo> <conjuncion/> <conjuncion/> <conjuncion/> </condicion> <conclusion> <atomoObj> AVESTRUZ </atomoObj> </conclusion> </regla>
<regla> <condicion> <atomo> AVE </atomo> <atomo> VUELA </atomo> <atomo> COLOR_BLANCO </atomo> <conjuncion/> <conjuncion/> </condicion> <conclusion> <atomoObj> ALBATROS </atomoObj> </conclusion> </regla>
<regla> <condicion> <atomo> AVE_RAPINIA </atomo> <atomo> COLOR_PARDO </atomo> <conjuncion/> </condicion> <conclusion> <atomoObj> AGUILA </atomoObj> </conclusion> </regla>
<regla> <condicion> <atomo> AVE </atomo> <atomo> VUELA </atomo> <negacion/> <atomo> NADA </atomo> <conjuncion/> <conjuncion/> </condicion> <conclusion> <atomoObj> PINGUINO </atomoObj> </conclusion> </regla>
</bc>

