<?xml version="1.0" encoding="UTF-8"?>
<project-private xmlns="http://www.netbeans.org/ns/project-private/1">
    <editor-bookmarks xmlns="http://www.netbeans.org/ns/editor-bookmarks/2" lastBookmarkId="0"/>
    <open-files xmlns="http://www.netbeans.org/ns/projectui-open-files/2">
        <group>
            <file>file:/home/zaratustra/NetBeansProjects/SBC/src/sbc/Lector.java</file>
            <file>file:/home/zaratustra/NetBeansProjects/SBC/src/sbc/PilaBooleana.java</file>
            <file>file:/home/zaratustra/NetBeansProjects/SBC/src/sbc/MotorInferencia.java</file>
            <file>file:/home/zaratustra/NetBeansProjects/SBC/src/sbc/LeeArch.java</file>
            <file>file:/home/zaratustra/NetBeansProjects/SBC/src/sbc/MemoriaTrabajo.java</file>
            <file>file:/home/zaratustra/NetBeansProjects/SBC/src/sbc/Atomo.java</file>
            <file>file:/home/zaratustra/NetBeansProjects/SBC/src/sbc/AtomoDuplicado.java</file>
            <file>file:/home/zaratustra/NetBeansProjects/SBC/src/sbc/Negacion.java</file>
            <file>file:/home/zaratustra/NetBeansProjects/SBC/src/sbc/Disyuncion.java</file>
            <file>file:/home/zaratustra/NetBeansProjects/SBC/src/sbc/ModuloConocimiento.java</file>
            <file>file:/home/zaratustra/NetBeansProjects/SBC/src/sbc/Consultar.java</file>
            <file>file:/home/zaratustra/NetBeansProjects/SBC/src/sbc/SBC.java</file>
            <file>file:/home/zaratustra/NetBeansProjects/SBC/src/sbc/Conjuncion.java</file>
            <file>file:/home/zaratustra/NetBeansProjects/SBC/src/sbc/ParteRegla.java</file>
            <file>file:/home/zaratustra/NetBeansProjects/SBC/src/sbc/Regla.java</file>
            <file>file:/home/zaratustra/NetBeansProjects/SBC/src/sbc/Operador.java</file>
        </group>
    </open-files>
</project-private>
